    , B, FS, K, T
MAPE, 2.560986263432533, 2.8312132909083534, 2.8248171271194065, 1.1891628960774738
RRMSE, 45.28292691372668, 0.9168739893050991, 48.280285789514885, 30.34825422780551