    , B, FS, K, T
MAPE, 0.011875007956621384, 0.01637508338417616, 0.021511189948916567, 0.01129025233392158
RRMSE, 0.5602553534294198, 0.09359567158150556, 0.7439917278080524, 0.30192393498627046